task_key,family,task,evaluations,scored_units,dense_f1,proposed_f1,delta_f1,chunk_compression_mean,chunk_compression_minimum,chunk_compression_maximum,task_pass,ci95_low,ci95_high,bootstrap_p_one_sided,holm_adjusted_p,significant_positive_after_holm
BAMBOO/abshallu_16k,BAMBOO,abshallu_16k,200,200,0.5,0.5116279069767442,0.011627906976744207,0.5723384747122977,0.5420560747663552,0.65,True,-0.04892410535324546,0.07370714620865489,0.35766423357664234,1.0,False
BAMBOO/abshallu_4k,BAMBOO,abshallu_4k,200,200,0.5485714285714286,0.5257142857142857,-0.02285714285714291,0.5693462923674156,0.43661971830985913,0.65,False,-0.0782742612344815,0.03187013911148171,0.8036196380361964,1.0,False
BAMBOO/senhallu_16k,BAMBOO,senhallu_16k,200,200,0.7938144329896907,0.8,0.006185567010309367,0.5995336812246744,0.44525547445255476,0.65,True,-0.023180312545998564,0.036977513634238394,0.35876412358764126,1.0,False
BAMBOO/senhallu_4k,BAMBOO,senhallu_4k,200,200,0.6994535519125683,0.7213114754098361,0.021857923497267784,0.5927160251248914,0.5344827586206897,0.65,True,-0.006380745895375475,0.05352111388917316,0.06999300069993,1.0,False
ETHIC/Attributing,ETHIC,Attributing,333,333,0.04509816162266568,0.04680018862040161,0.001702026997735931,0.5879522017324789,0.5462555066079295,0.65,True,-0.0030198743913205832,0.006362759532715074,0.23427657234276572,1.0,False
ETHIC/Recalling,ETHIC,Recalling,662,662,0.069154587349224,0.06750431274483772,-0.0016502746043862843,0.6027046958943904,0.44842105263157894,0.65,False,-0.003421048564857106,1.8725941010196815e-05,0.9737026297370263,1.0,False
HELMET/kilt_hotpotqa,HELMET,kilt_hotpotqa,2961,2961,0.4156742381759514,0.4348571729995237,0.019182934823572306,0.5827254305977622,0.44999999999999996,0.65,True,0.011093796575454631,0.027313252380881385,9.999000099990002e-05,0.007099290070992901,True
HELMET/kilt_popqa_3,HELMET,kilt_popqa_3,882,882,0.6098800103902152,0.5989482676557507,-0.010931742734464511,0.5792517006802751,0.55,0.65,False,-0.02501187808160592,0.0032765577047040033,0.934006599340066,1.0,False
LongTableBench/32k_multi_csv,LongTableBench,32k_multi_csv,61,181,0.43399072639309316,0.4566191302660449,0.02262840387295173,0.5827003852296467,0.4499274310595065,0.65,True,-0.007194798049964242,0.0581159335414238,0.07539246075392461,1.0,False
LongTableBench/32k_multi_html,LongTableBench,32k_multi_html,61,181,0.47186002003441335,0.47159493827761895,-0.00026508175679440527,0.5821542011656178,0.4499274310595065,0.65,False,-0.03489532164893,0.03418591271413855,0.502049795020498,1.0,False
LongTableBench/32k_multi_json,LongTableBench,32k_multi_json,61,181,0.4617159171017092,0.44892980818300354,-0.01278610891870563,0.5827003852296467,0.4499274310595065,0.65,False,-0.04426006661423321,0.017735046998315202,0.781021897810219,1.0,False
LongTableBench/32k_multi_latex,LongTableBench,32k_multi_latex,61,181,0.4424948987094203,0.47653697695039343,0.034042078240973106,0.5827003852296467,0.4499274310595065,0.65,True,-0.0027135109415766423,0.07768000597018887,0.037396260373962605,1.0,False
LongTableBench/32k_multi_markdown,LongTableBench,32k_multi_markdown,61,181,0.4430061431433164,0.44600575249651697,0.002999609353200594,0.5821542011656172,0.4499274310595065,0.65,True,-0.026222191879676088,0.03320431009300962,0.42895710428957107,1.0,False
LongTableBench/32k_multi_sql,LongTableBench,32k_multi_sql,61,181,0.42690649693317295,0.4314662598093069,0.004559762876133966,0.582154201165617,0.4499274310595065,0.65,True,-0.032628739805431545,0.04387218537871448,0.4046595340465953,1.0,False
LongTableBench/32k_multi_xml,LongTableBench,32k_multi_xml,61,181,0.5166315048902255,0.5060881194849616,-0.010543385405263894,0.5821542011656174,0.4499274310595065,0.65,False,-0.045837679294383246,0.02746471286562518,0.7227277272272773,1.0,False
LongTableBench/32k_single_csv,LongTableBench,32k_single_csv,166,166,0.45267737617135206,0.47652992924077264,0.02385255306942058,0.5766680794391403,0.4285714285714286,0.65,True,-0.005364672977624786,0.055379016064257,0.05829417058294171,1.0,False
LongTableBench/32k_single_html,LongTableBench,32k_single_html,166,166,0.4371151271753681,0.46989386115892134,0.03277873398355324,0.5766464033444045,0.4285714285714286,0.65,True,0.006472556894243617,0.06366513673742581,0.0059994000599940004,0.7839216078392162,False
LongTableBench/32k_single_json,LongTableBench,32k_single_json,166,166,0.4302686938229108,0.44556320520175946,0.015294511378848685,0.57666807943914,0.4285714285714286,0.65,True,-0.01385876840696124,0.047824631860776456,0.1611838816118388,1.0,False
LongTableBench/32k_single_latex,LongTableBench,32k_single_latex,166,166,0.46595486173799433,0.4777400979208208,0.011785236182826453,0.577262004434898,0.4285714285714286,0.65,True,-0.019741824440619695,0.04344042838018747,0.2313768623137686,1.0,False
LongTableBench/32k_single_markdown,LongTableBench,32k_single_markdown,166,166,0.4523173279197376,0.472035762096003,0.019718434176265398,0.5760469907687287,0.4285714285714286,0.65,True,-0.010890071274107524,0.05185850545037293,0.10368963103689631,1.0,False
LongTableBench/32k_single_sql,LongTableBench,32k_single_sql,166,166,0.44665732527178315,0.47057203171661,0.02391470644482685,0.5760469907687283,0.4285714285714286,0.65,True,-0.000368497800726741,0.051492039586919176,0.027597240275972403,1.0,False
LongTableBench/32k_single_xml,LongTableBench,32k_single_xml,166,166,0.4349445400650219,0.4677328361063301,0.032788296041308174,0.5766464033444045,0.4285714285714286,0.65,True,0.004302208835341415,0.06399956970740107,0.0108989101089891,1.0,False
LongTableBench/8k_multi_csv,LongTableBench,8k_multi_csv,295,865,0.523192949316077,0.5248502899832022,0.0016573406671251956,0.54692457302138,0.11111111111111116,0.65,True,-0.014803062306996146,0.01866866884879598,0.41815818418158185,1.0,False
LongTableBench/8k_multi_html,LongTableBench,8k_multi_html,295,865,0.51613350284539,0.520597510398988,0.004464007553598104,0.5469245730213809,0.11111111111111116,0.65,True,-0.010067623714966384,0.01889657203988238,0.2752724727527247,1.0,False
LongTableBench/8k_multi_json,LongTableBench,8k_multi_json,295,865,0.5391190367314412,0.5481014502905296,0.008982413559088354,0.5469245730213804,0.11111111111111116,0.65,True,-0.007917441192150623,0.02533891990642658,0.13928607139286073,1.0,False
LongTableBench/8k_multi_latex,LongTableBench,8k_multi_latex,295,865,0.5173762492938487,0.5234203527413596,0.006044103447510829,0.5470370324915077,0.11111111111111116,0.65,True,-0.01000439995338513,0.02238460885203074,0.23217678232176783,1.0,False
LongTableBench/8k_multi_markdown,LongTableBench,8k_multi_markdown,295,865,0.5234399318427405,0.5287100331391665,0.005270101296426022,0.5468089660849648,0.11111111111111116,0.65,True,-0.006325784671594944,0.017715924283014915,0.19588041195880412,1.0,False
LongTableBench/8k_multi_sql,LongTableBench,8k_multi_sql,295,865,0.5300661745410675,0.5235588605453091,-0.006507313995758435,0.5468089660849642,0.11111111111111116,0.65,False,-0.02256873816999219,0.00922849985860027,0.7827217278272173,1.0,False
LongTableBench/8k_multi_xml,LongTableBench,8k_multi_xml,295,865,0.5675018195794213,0.5620808980069937,-0.005420921572427573,0.5469245730213803,0.11111111111111116,0.65,False,-0.021088813897712756,0.00944508015902252,0.7555244475552445,1.0,False
LongTableBench/8k_single_csv,LongTableBench,8k_single_csv,269,269,0.49532446075197023,0.49579357032888643,0.0004691095769162046,0.5226629768347826,0.11111111111111116,0.65,True,-0.02831858145984535,0.02918562282409869,0.48485151484851513,1.0,False
LongTableBench/8k_single_html,LongTableBench,8k_single_html,269,269,0.5091851353933139,0.5153427530750953,0.006157617681781358,0.5230347240466786,0.11111111111111116,0.65,True,-0.021153131255361796,0.03315339864596366,0.3250674932506749,1.0,False
LongTableBench/8k_single_json,LongTableBench,8k_single_json,269,269,0.5311741954864632,0.541241410386392,0.01006721489992879,0.5226629768347822,0.11111111111111116,0.65,True,-0.01240283879689075,0.03409654162442265,0.19708029197080293,1.0,False
LongTableBench/8k_single_latex,LongTableBench,8k_single_latex,269,269,0.5239109094127683,0.5392973816765639,0.015386472263795636,0.5230347240466787,0.11111111111111116,0.65,True,-0.0069421780202447774,0.038992822543008336,0.0932906709329067,1.0,False
LongTableBench/8k_single_markdown,LongTableBench,8k_single_markdown,269,269,0.49340572686297607,0.509804363335962,0.01639863647298595,0.5226629768347825,0.11111111111111116,0.65,True,-0.004437647235045,0.0391106322426026,0.065993400659934,1.0,False
LongTableBench/8k_single_sql,LongTableBench,8k_single_sql,269,269,0.4615652831266215,0.462165467741676,0.0006001846150545109,0.5226629768347822,0.11111111111111116,0.65,True,-0.02297506396948771,0.024117388703819992,0.47985201479852013,1.0,False
LongTableBench/8k_single_xml,LongTableBench,8k_single_xml,269,269,0.5323573782681591,0.5322811224298214,-7.625583833770211e-05,0.5230347240466786,0.11111111111111116,0.65,False,-0.02269103676166867,0.022250262129444243,0.5005499450054994,1.0,False
LongTableBench/inf_multi_csv,LongTableBench,inf_multi_csv,56,184,0.3391671266015343,0.35993078323475614,0.020763656633221828,0.5897360233881717,0.44303797468354433,0.65,True,-0.013260653588473347,0.05596372710316681,0.1100889911008899,1.0,False
LongTableBench/inf_multi_html,LongTableBench,inf_multi_html,56,184,0.37346233019021624,0.39315553343729465,0.019693203247078406,0.5897360233881711,0.44303797468354433,0.65,True,-0.00517821392821397,0.049172677129374245,0.063993600639936,1.0,False
LongTableBench/inf_multi_json,LongTableBench,inf_multi_json,56,184,0.3934368228389968,0.4070231157731158,0.013586292934119004,0.5897360233881713,0.44303797468354433,0.65,True,-0.021390548583171475,0.04910091846216298,0.2181781821817818,1.0,False
LongTableBench/inf_multi_latex,LongTableBench,inf_multi_latex,56,184,0.3604550838134046,0.38612164613663863,0.025666562323234055,0.5897360233881712,0.44303797468354433,0.65,True,-0.0035534626402348676,0.05674758629597341,0.043495650434956505,1.0,False
LongTableBench/inf_multi_markdown,LongTableBench,inf_multi_markdown,56,184,0.3763568330303712,0.39591253543144533,0.019555702401074126,0.5897360233881714,0.44303797468354433,0.65,True,-0.009090601459101542,0.04900263786962401,0.09459054094590541,1.0,False
LongTableBench/inf_multi_sql,LongTableBench,inf_multi_sql,56,184,0.4042249285155957,0.42248233338711294,0.018257404871517224,0.5897360233881713,0.44303797468354433,0.65,True,-0.004632182921580463,0.044215737405188145,0.0633936606339366,1.0,False
LongTableBench/inf_multi_xml,LongTableBench,inf_multi_xml,56,184,0.4256742336249459,0.43062361830511725,0.004949384680171365,0.589736023388171,0.44303797468354433,0.65,True,-0.02160919064765044,0.030071924293768364,0.35096490350964904,1.0,False
LongTableBench/inf_single_csv,LongTableBench,inf_single_csv,106,106,0.396272700046285,0.40460467205750217,0.00833197201121716,0.5765057198935525,0.44938091769847055,0.65,True,-0.024844128617713512,0.04278975741239893,0.3167683231676832,1.0,False
LongTableBench/inf_single_html,LongTableBench,inf_single_html,106,106,0.3615453728661276,0.3614330637915543,-0.00011230907457326911,0.5765057198935528,0.44938091769847055,0.65,False,-0.047169811320754707,0.047843665768194044,0.5115488451154885,1.0,False
LongTableBench/inf_single_json,LongTableBench,inf_single_json,106,106,0.36045223120694814,0.38598450815431945,0.025532276947371313,0.5765057198935527,0.44938091769847055,0.65,True,-0.012168501048218016,0.06614791785782345,0.09619038096190381,1.0,False
LongTableBench/inf_single_latex,LongTableBench,inf_single_latex,106,106,0.39354366807196994,0.3939652590595986,0.00042159098762867275,0.5765057198935527,0.44938091769847055,0.65,True,-0.037735849056603765,0.03816210519040708,0.49395060493950604,1.0,False
LongTableBench/inf_single_markdown,LongTableBench,inf_single_markdown,106,106,0.3856094639113507,0.38969002695417787,0.004080563042827168,0.5765057198935525,0.44938091769847055,0.65,True,-0.034856057202755274,0.043388739143456145,0.42395760423957607,1.0,False
LongTableBench/inf_single_sql,LongTableBench,inf_single_sql,106,106,0.3769818232082383,0.3962713387241689,0.01928951551593061,0.5765057198935527,0.44938091769847055,0.65,True,-0.016739235607160067,0.05894826871241964,0.15798420157984203,1.0,False
LongTableBench/inf_single_xml,LongTableBench,inf_single_xml,106,106,0.36786463012878107,0.3711665169212339,0.003301886792452857,0.5765057198935528,0.44938091769847055,0.65,True,-0.04481132075471694,0.05058681491464507,0.4497550244975502,1.0,False
